{
    "3,1,2": [
        58.66666666666633,
        41.66666666666633,
        66.6666666666663
    ],
    "0,1,2": [
        46.66666666666633,
        66.6666666666663,
        46.66666666666633
    ],
    "3,1,1": [
        0.0,
        0.0,
        61.66666666666633
    ],
    "0,1,1": [
        46.66666666666633,
        66.6666666666663,
        46.66666666666633
    ],
    "1,1,2": [
        29.744616925323758,
        32.46401700496987,
        46.66666666666637
    ],
    "0,2,2": [
        46.66666666666633,
        66.6666666666663,
        46.66666666666633
    ],
    "1,0,1": [
        0.0,
        24.66666666666637,
        46.66666666666633
    ],
    "1,1,1": [
        42.41666666666636,
        0.0,
        61.66666666666633
    ],
    "0,0,1": [
        46.66666666666633,
        66.6666666666663,
        46.66666666666633
    ],
    "1,0,2": [
        29.66666666666637,
        24.66666666666637,
        46.66666666666633
    ],
    "0,0,2": [
        46.66666666666633,
        66.6666666666663,
        46.66666666666633
    ],
    "0,2,1": [
        46.66666666666633,
        66.6666666666663,
        46.66666666666633
    ],
    "2,1,2": [
        58.66666666666633,
        41.66666666666633,
        66.6666666666663
    ],
    "1,2,1": [
        -9.999999999999995,
        0.0,
        0.0
    ],
    "2,2,2": [
        13.333333333333291,
        0.0,
        0.0
    ],
    "3,0,2": [
        0.0,
        36.66666666666633,
        0.0
    ],
    "2,1,1": [
        0.0,
        37.41666666666636,
        0.0
    ],
    "2,0,1": [
        0.0,
        24.66666666666637,
        0.0
    ],
    "2,2,1": [
        0.0,
        0.0,
        61.66666666666633
    ]
}