{
    "3,0,2": {
        "A": [
            0.0,
            0.0,
            0.0
        ],
        "B": [
            0.0,
            0.0,
            10.350733641615841
        ]
    },
    "0,0,2": {
        "A": [
            30.337521232809152,
            65.81709548825502,
            37.27925142907172
        ],
        "B": [
            19.77060321106187,
            65.8073854585309,
            32.3519713657641
        ]
    },
    "3,1,2": {
        "A": [
            0.0,
            -2.25,
            21.35941161715501
        ],
        "B": [
            0.0,
            -5.788125,
            31.91118037047617
        ]
    },
    "0,1,1": {
        "A": [
            46.53687614226253,
            66.6664365372721,
            46.43264472057048
        ],
        "B": [
            46.59911511548716,
            66.66643010570903,
            46.46477001540012
        ]
    },
    "3,1,1": {
        "A": [
            0.9193517296875,
            -2.25,
            0.0
        ],
        "B": [
            0.6257625,
            0.0,
            0.0
        ]
    },
    "2,1,1": {
        "A": [
            0.0,
            0.0,
            6.2316004732485
        ],
        "B": [
            0.0,
            0.0,
            16.163647143271575
        ]
    },
    "0,1,2": {
        "A": [
            46.66589714592911,
            66.66666663793515,
            46.65978080454657
        ],
        "B": [
            46.6649068725833,
            66.6666666378575,
            46.665267986903196
        ]
    },
    "1,1,2": {
        "A": [
            -1.5,
            5.485062507167016,
            28.942674177325017
        ],
        "B": [
            -0.6069718653570226,
            0.0,
            35.01920306059008
        ]
    },
    "3,2,2": {
        "A": [
            0.3,
            0.0,
            0.0
        ],
        "B": [
            0.0,
            0.0,
            0.0
        ]
    },
    "1,1,1": {
        "A": [
            -0.5934384672656248,
            -4.068527842265625,
            14.726477994806277
        ],
        "B": [
            -1.237024998326367,
            6.81612276906906,
            21.57005251631697
        ]
    },
    "1,0,1": {
        "A": [
            -1.245,
            -2.25,
            -1.5
        ],
        "B": [
            0.0,
            -2.25,
            -1.69125
        ]
    },
    "0,2,2": {
        "A": [
            -3.2432102651757733,
            20.995396845982263,
            -1.8986476858876806
        ],
        "B": [
            -0.4119030174608285,
            17.897330006426234,
            -0.3971123739276342
        ]
    },
    "0,0,1": {
        "A": [
            38.33726766884037,
            66.38460675669012,
            33.77208805953605
        ],
        "B": [
            36.539402775222406,
            66.40031481891599,
            32.880627435382685
        ]
    },
    "0,2,1": {
        "A": [
            -2.775,
            30.765478174242357,
            -0.4572915445185878
        ],
        "B": [
            0.0,
            28.56169529858736,
            -0.9398367541981179
        ]
    },
    "2,1,2": {
        "A": [
            1.699390188631208,
            0.0,
            0.0
        ],
        "B": [
            2.406882358689375,
            0.0,
            0.0
        ]
    },
    "1,0,2": {
        "A": [
            0.0,
            1.3277456060199593,
            4.84781937380222
        ],
        "B": [
            0.0,
            0.0,
            -0.3572285238561439
        ]
    },
    "2,0,1": {
        "A": [
            0.0,
            0.0,
            0.0
        ],
        "B": [
            0.0,
            0.0,
            8.945156441858929
        ]
    },
    "1,2,1": {
        "A": [
            0.0,
            2.775,
            0.0
        ],
        "B": [
            0.0,
            0.0,
            0.0
        ]
    },
    "2,2,2": {
        "A": [
            0.3707625,
            0.0,
            0.0
        ],
        "B": [
            0.5549999999999999,
            0.0,
            1.086490691190089
        ]
    },
    "2,2,1": {
        "A": [
            0.3,
            0.0,
            0.0
        ],
        "B": [
            0.0,
            0.0,
            0.0
        ]
    }
}