{
    "3,0,2": [
        1.1601040828125,
        17.526437125708217,
        0.0
    ],
    "3,1,2": [
        8.696383644781525,
        11.674596843765535,
        66.40614094545661
    ],
    "0,1,2": [
        46.66666666666633,
        66.6666666666663,
        46.66666666666633
    ],
    "3,1,1": [
        3.8559111414102087,
        0.10982405846253007,
        0.0
    ],
    "0,2,2": [
        34.5173115753597,
        65.99447134327849,
        34.82187414869786
    ],
    "0,1,1": [
        46.66666666666633,
        66.6666666666663,
        46.66666666666633
    ],
    "1,1,1": [
        1.5708030122124557,
        8.08749999999995,
        46.74209543385061
    ],
    "0,0,1": [
        46.66666666658314,
        66.6666666666663,
        46.66666666663118
    ],
    "2,0,1": [
        1.4340017409492187,
        -4.12425,
        0.0
    ],
    "1,0,1": [
        2.3357609662331185,
        -3.9796647780289747,
        40.555708130831064
    ],
    "2,0,2": [
        3.186280318392388,
        -2.25,
        0.0
    ],
    "1,0,2": [
        6.2875529620135335,
        15.511831096895026,
        43.156887167012016
    ],
    "0,0,2": [
        46.66666665593776,
        66.6666666666663,
        46.66666656030485
    ],
    "0,2,1": [
        20.999477413124698,
        64.91846587805856,
        31.11153589603053
    ],
    "1,1,2": [
        29.30589007136954,
        45.20959948469352,
        48.95823775433112
    ],
    "2,1,2": [
        33.469473934995634,
        8.836104340929715,
        66.29216766818556
    ],
    "2,2,2": [
        0.0,
        -5.596875,
        15.796646746615128
    ],
    "1,2,2": [
        0.0,
        1.5,
        0.0
    ],
    "2,1,1": [
        8.65264229025974,
        -4.1625,
        47.3836216458689
    ],
    "2,2,1": [
        0.0,
        -2.25,
        23.76674089204936
    ],
    "1,2,1": [
        -1.5,
        0.0,
        25.46475879019557
    ],
    "3,0,1": [
        0.3,
        0.0,
        23.795623239824643
    ]
}