{
    "3,0,1": [
        0.395625,
        0.0,
        7.465558797113666
    ],
    "0,0,1": [
        30.28721049008477,
        58.76811561837981,
        29.303582536941516
    ],
    "3,1,2": [
        7.122945664828613,
        2.5700224376333933,
        47.09713577981136
    ],
    "0,1,2": [
        41.14512210919379,
        64.16520011411089,
        38.19834524037011
    ],
    "3,1,1": [
        3.2327827171054495,
        0.0,
        22.765962722453576
    ],
    "1,1,1": [
        4.235628467267265,
        46.896645333945045,
        0.0
    ],
    "0,1,1": [
        34.94492924631804,
        63.66343660729563,
        36.004952992194134
    ],
    "2,1,2": [
        25.959788792603856,
        6.401785492418723,
        51.54430737387244
    ],
    "3,2,2": [
        0.5932499999999999,
        0.0,
        0.0
    ],
    "2,1,1": [
        5.022681756790384,
        -2.25,
        28.705956853850168
    ],
    "1,1,2": [
        13.111424564340805,
        22.686551686101076,
        40.021556712983376
    ],
    "0,2,2": [
        18.159096626933028,
        46.119276218174164,
        19.03989968604048
    ],
    "0,0,2": [
        33.989855152848676,
        58.5676702843694,
        27.636785283491896
    ],
    "0,2,1": [
        10.977313031291954,
        45.983555438665526,
        11.314209416719473
    ],
    "1,2,1": [
        -1.5,
        -0.78375,
        7.217896672589271
    ],
    "1,0,1": [
        7.776314954955777,
        37.59274531693749,
        7.313623739063708
    ],
    "1,0,2": [
        1.9108769748092618,
        0.0,
        31.540279521681917
    ],
    "3,0,2": [
        1.9570074503338057,
        14.232772597567424,
        0.0
    ],
    "2,0,1": [
        0.0,
        0.5752243445145365,
        34.6143685294891
    ],
    "2,2,2": [
        0.0,
        0.0,
        15.463049451547601
    ],
    "1,2,2": [
        0.0,
        25.225864181736622,
        0.0
    ],
    "2,2,1": [
        1.1601040828125,
        -2.25,
        0.0
    ],
    "2,0,2": [
        1.1355663418962443,
        -0.10879611384252098,
        6.553461505068583
    ]
}