{
    "3,0,1": {
        "A": [
            0.0,
            0.0,
            0.0
        ],
        "B": [
            0.0,
            -3.0,
            0.0
        ]
    },
    "0,0,1": {
        "A": [
            45.26317383920757,
            66.654343332881,
            42.016630965563344
        ],
        "B": [
            45.51203960974022,
            66.65460737556606,
            45.51735485364563
        ]
    },
    "0,0,2": {
        "A": [
            46.482330507919954,
            66.6663419798886,
            46.17904579543899
        ],
        "B": [
            46.41282481310082,
            66.66634580136572,
            46.13346785241567
        ]
    },
    "3,1,2": {
        "A": [
            0.0,
            -2.25,
            24.815423233259867
        ],
        "B": [
            0.0,
            0.0,
            25.00200425888737
        ]
    },
    "0,1,2": {
        "A": [
            37.32841153845984,
            66.54066509422803,
            37.8947246641653
        ],
        "B": [
            42.389281089152654,
            66.5470138041886,
            41.40059285739593
        ]
    },
    "1,0,1": {
        "A": [
            -0.9344776328018288,
            38.26112508691679,
            0.0
        ],
        "B": [
            -0.09501201280801572,
            41.81155780327891,
            15.570797614159968
        ]
    },
    "0,1,1": {
        "A": [
            1.2240061463385417,
            29.58642819957241,
            -0.5878558973797563
        ],
        "B": [
            -0.9131799351064454,
            27.00473470122629,
            -0.6446342350936274
        ]
    },
    "2,0,2": {
        "A": [
            0.398398125,
            -0.017948477924601833,
            27.624052072452308
        ],
        "B": [
            0.7717499999999999,
            -3.077822362921022,
            26.368839138118762
        ]
    },
    "2,1,2": {
        "A": [
            2.426561276142193,
            -2.0623809650740514,
            0.0
        ],
        "B": [
            2.6683369749934363,
            -8.54328544757494,
            0.0
        ]
    },
    "3,0,2": {
        "A": [
            0.0,
            0.0,
            1.5755097419139996
        ],
        "B": [
            0.0,
            0.0,
            21.799711217325335
        ]
    },
    "1,0,2": {
        "A": [
            -1.69125,
            3.2991876355897825,
            28.13481172326874
        ],
        "B": [
            -1.5,
            -1.2283061763547167,
            28.784117782458353
        ]
    },
    "1,1,2": {
        "A": [
            -0.3665496746073802,
            0.0,
            25.564289172030186
        ],
        "B": [
            -1.5,
            0.4805091722263257,
            19.926923486773237
        ]
    },
    "1,1,1": {
        "A": [
            0.0,
            1.383569558273928,
            0.0
        ],
        "B": [
            0.0,
            1.656060783658164,
            -1.343939216341836
        ]
    }
}