{
    "3,0,2": [
        13.333333333333291,
        -3.6666666666667047,
        0.0
    ],
    "3,0,1": [
        54.41666666666636,
        37.41666666666636,
        61.66666666666633
    ],
    "0,0,1": [
        46.66666666666633,
        66.6666666666663,
        46.66666666666633
    ],
    "0,0,2": [
        46.66666666666633,
        66.6666666666663,
        46.66666666666633
    ],
    "3,1,2": [
        58.66666666666633,
        41.66666666666633,
        66.6666666666663
    ],
    "0,1,2": [
        46.66666666666633,
        66.6666666666663,
        46.66666666666633
    ],
    "1,0,2": [
        29.666666666666426,
        24.666666666666426,
        46.66666666666637
    ],
    "0,1,1": [
        46.66666666666633,
        66.6666666666663,
        46.66666666666633
    ],
    "2,0,2": [
        58.66666666666633,
        24.666666666666426,
        66.6666666666663
    ],
    "2,1,2": [
        58.66666666666633,
        0.0,
        66.6666666666663
    ],
    "1,1,2": [
        29.66666667000633,
        24.66666666702289,
        46.66666666668511
    ],
    "1,0,1": [
        0.0,
        24.666666666666426,
        46.66666666666637
    ],
    "1,1,1": [
        -9.999999999999995,
        0.0,
        0.0
    ]
}