{
    "3,0,2": [
        50.31398352460688,
        29.890933900629605,
        66.66666466781628
    ],
    "0,0,2": [
        46.66666666666633,
        66.6666666666663,
        46.66666666666633
    ],
    "1,0,2": [
        32.42260702817744,
        47.10108979898628,
        50.69933503642028
    ],
    "0,1,2": [
        46.64462729847325,
        66.66666585861645,
        46.64593901336788
    ],
    "0,2,2": [
        -1.5,
        0.0,
        0.0
    ],
    "2,0,2": [
        14.842600010824377,
        16.92899807273073,
        66.65231192670548
    ],
    "1,1,2": [
        19.748399345974562,
        37.13249180768307,
        46.36140075327259
    ],
    "3,0,1": [
        0.0,
        -1.4089249629953942,
        56.853852967815705
    ],
    "0,0,1": [
        46.66606962776652,
        66.66666663090358,
        46.666527673184234
    ],
    "3,1,2": [
        1.9634476259878593,
        3.9311837542838832,
        41.51080182989215
    ],
    "0,1,1": [
        14.423705747446514,
        53.11220212811802,
        20.443327519299718
    ],
    "1,0,1": [
        7.479969108609703,
        26.80347073759616,
        45.25413022349019
    ],
    "2,1,2": [
        6.072033049402909,
        3.4707175752498034,
        60.836336020898244
    ],
    "1,1,1": [
        0.0,
        -2.25,
        0.0
    ],
    "2,0,1": [
        0.0,
        3.3124788103551404,
        41.89773462616297
    ]
}