{
    "3,0,2": [
        14.409734496226367,
        6.921047386779126,
        56.62399978350128
    ],
    "0,0,2": [
        39.07554078507405,
        61.010234939399744,
        37.83758387036278
    ],
    "1,0,2": [
        10.760534565297949,
        56.55185992803933,
        23.41208255634498
    ],
    "0,1,2": [
        34.421030050408596,
        64.65827623042699,
        31.68195120847758
    ],
    "2,0,2": [
        5.089874642205707,
        5.950501546280628,
        51.31376793704753
    ],
    "1,1,2": [
        6.89909870233348,
        20.62347839110526,
        44.25015746684756
    ],
    "0,2,2": [
        -1.5,
        0.0,
        0.0
    ],
    "3,0,1": [
        1.296057111701924,
        -3.0,
        7.812212640799405
    ],
    "0,0,1": [
        28.412903325863564,
        54.44677683717104,
        24.98312643813476
    ],
    "3,1,2": [
        0.018536144608849725,
        -2.2075596501266688,
        39.69634958073611
    ],
    "0,1,1": [
        1.8982353793989026,
        37.51152114249916,
        -2.616897058751166
    ],
    "2,1,2": [
        1.7017367017778613,
        0.0,
        36.840548517566496
    ],
    "1,0,1": [
        -0.5299559222878971,
        -0.009605312534570754,
        35.43556124592031
    ],
    "2,0,1": [
        0.0,
        0.0,
        6.829306760808254
    ],
    "1,1,1": [
        0.0,
        0.0,
        3.1096214134325577
    ]
}