{
    "v_table": {
        "5,0,2,0": 25.035297020344494,
        "5,1,2,0": 25.761179151813838,
        "5,0,3,0": 28.874991313004617,
        "5,1,2,1": 0.5,
        "5,0,3,1": 58.690763459702595,
        "5,1,3,1": 51.88704414587533,
        "3,0,3,0": 49.55260357440489,
        "2,0,3,1": 1.815,
        "1,1,3,0": 60.24508729573843,
        "1,0,3,0": 59.11198683069166,
        "0,0,3,0": 61.34459479117302,
        "1,1,3,1": 59.622529993589794,
        "1,0,3,1": 57.77888667816714,
        "0,1,3,0": 2.518033705594409,
        "0,0,3,1": 59.967258567801196,
        "0,0,3,2": 59.901482843022706,
        "0,0,3,3": 63.9033971656297,
        "0,0,2,2": -0.9929117224451138,
        "0,1,2,3": 63.79783363161185,
        "1,0,2,3": 62.86204365984016,
        "1,1,2,3": 58.30434097032294,
        "0,0,2,3": 64.25763722186133,
        "1,0,3,3": 64.74967050981608,
        "1,1,3,3": 45.15259123424841,
        "0,1,2,2": 14.503658192260847,
        "1,1,2,2": 60.73081758927976,
        "0,0,2,0": 1.734,
        "0,1,2,0": 3.4556824620398277,
        "0,1,2,1": 12.810083679587198,
        "0,0,2,1": 5.493497411361147,
        "4,0,3,3": 57.54930632671309,
        "5,0,3,3": 6.6799143869672015,
        "5,1,3,3": 0.40746771094570755,
        "3,0,2,3": 59.53302348387702,
        "4,0,2,3": 54.88808382432482,
        "2,0,2,2": 60.60299833042251,
        "2,0,2,3": 46.35655419816633,
        "0,1,3,3": 64.74371433504848,
        "0,1,3,1": 61.14246261127563,
        "0,1,3,2": -1.79655944220625,
        "2,0,3,3": 45.17427590736138,
        "3,0,3,3": 46.06426282466371,
        "5,2,2,3": 11.911362124977293,
        "5,1,2,3": 11.096902211424718,
        "5,0,2,3": 8.768012710335663,
        "0,2,2,0": 11.655315565312733,
        "4,1,2,3": 11.443499932441465,
        "5,1,3,0": 55.01907438614147,
        "5,0,2,2": 47.485406510529266,
        "1,0,2,0": 64.15655327673824,
        "1,1,2,1": 20.133409755417677,
        "1,1,3,2": 48.39812802453636,
        "1,0,2,1": 7.319295087992257,
        "2,0,3,0": 52.05877309249147,
        "3,0,3,1": 61.208169442562046,
        "1,0,3,2": 40.91616399536353,
        "1,0,2,2": 62.22130331094957,
        "4,0,3,0": 52.11944814514733,
        "4,0,2,0": 48.65483472794463,
        "3,0,2,2": 53.51243913916311
    },
    "theta_table": {
        "5,0,2,0": [
            2.6307803822856464,
            -1.8430292342769572,
            -0.7877511480086933
        ],
        "5,1,2,0": [
            2.9352535580074974,
            -2.3880566395191023,
            -0.5471969184883985
        ],
        "5,0,3,0": [
            2.823936438915779,
            -1.51488727648775,
            -1.309049162428027
        ],
        "5,1,2,1": [
            -0.08333333333333333,
            -0.08333333333333333,
            0.16666666666666669
        ],
        "5,0,3,1": [
            -0.9738565407336391,
            -2.2249104221951628,
            3.1987669629288003
        ],
        "5,1,3,1": [
            3.0097347961440155,
            -2.182635080694088,
            -0.827099715449928
        ],
        "3,0,3,0": [
            2.921636567624888,
            -1.704373445637222,
            -1.217263121987663
        ],
        "2,0,3,1": [
            -0.2783496289341044,
            -0.2783496289341044,
            0.5566992578682088
        ],
        "1,1,3,0": [
            -1.551164564440904,
            2.984309514040797,
            -1.4331449495998934
        ],
        "1,0,3,0": [
            -1.3956342521565548,
            3.0000787823091817,
            -1.6044445301526222
        ],
        "0,0,3,0": [
            -1.583819879700475,
            3.007139495607904,
            -1.4233196159074302
        ],
        "1,1,3,1": [
            -1.567950157996269,
            2.9870154825081183,
            -1.419065324511847
        ],
        "1,0,3,1": [
            -1.3902872640521131,
            3.04818896367579,
            -1.6579016996236748
        ],
        "0,1,3,0": [
            -0.3748391367086684,
            0.7496782734173368,
            -0.3748391367086684
        ],
        "0,0,3,1": [
            -2.4236757047753756,
            3.526402463391943,
            -1.1027267586165708
        ],
        "0,0,3,2": [
            -2.610971586291206,
            3.5812077473559327,
            -0.9702361610647311
        ],
        "0,0,3,3": [
            -2.579904555191186,
            3.5500329270807818,
            -0.9701283718896472
        ],
        "0,0,2,2": [
            -1.1511282848375615,
            1.1590621245967705,
            -0.007933839759209027
        ],
        "0,1,2,3": [
            -2.0542660334549145,
            3.3181155885808886,
            -1.2638495551259594
        ],
        "1,0,2,3": [
            -2.506774193023382,
            3.528013982820203,
            -1.0212397897968046
        ],
        "1,1,2,3": [
            -2.630238608312223,
            3.7276037189186724,
            -1.0973651106064652
        ],
        "0,0,2,3": [
            -2.617421661255611,
            3.7020254678561675,
            -1.0846038066005492
        ],
        "1,0,3,3": [
            -2.3887201895687467,
            3.476620059567093,
            -1.0878998699983464
        ],
        "1,1,3,3": [
            2.763726032469359,
            -1.3080316970097006,
            -1.455694335459663
        ],
        "0,1,2,2": [
            -1.3012398927977213,
            2.142706537066647,
            -0.8414666442689246
        ],
        "1,1,2,2": [
            -1.5594681508271,
            3.044114420152068,
            -1.4846462693249656
        ],
        "0,0,2,0": [
            -0.26089635973603054,
            0.9717648417320623,
            -0.7108684819960317
        ],
        "0,1,2,0": [
            -0.6908429268146434,
            1.466539083718067,
            -0.7756961569034238
        ],
        "0,1,2,1": [
            -0.8639893944714266,
            1.9307542072312018,
            -1.0667648127597755
        ],
        "0,0,2,1": [
            -1.0630382984618607,
            1.7860651373421146,
            -0.7230268388802539
        ],
        "4,0,3,3": [
            -0.9305489779400967,
            -3.3210007535715445,
            4.25154973151165
        ],
        "5,0,3,3": [
            -0.3040953561526924,
            -1.9510458750460602,
            2.255141231198752
        ],
        "5,1,3,3": [
            0.8738936375163324,
            -0.8000189403153202,
            -0.0738746972010124
        ],
        "3,0,2,3": [
            -1.2763709988120648,
            -1.7824378957614735,
            3.058808894573534
        ],
        "4,0,2,3": [
            2.9024897334506816,
            -1.4512448667253408,
            -1.4512448667253408
        ],
        "2,0,2,2": [
            -2.3674388453042434,
            3.1940170948610764,
            -0.8265782495568349
        ],
        "2,0,2,3": [
            -1.2954975812710456,
            -1.733662288687613,
            3.0291598699586624
        ],
        "0,1,3,3": [
            -2.04991196106604,
            3.591385042770035,
            -1.5414730817040005
        ],
        "0,1,3,1": [
            -1.6518239532783063,
            3.0322464368915965,
            -1.3804224836132932
        ],
        "0,1,3,2": [
            -0.23030075131288047,
            0.31961330781737773,
            -0.08931255650449732
        ],
        "2,0,3,3": [
            2.7970273440513567,
            -1.3985136720256786,
            -1.3985136720256786
        ],
        "3,0,3,3": [
            2.7871900323837147,
            -1.3935950161918573,
            -1.3935950161918573
        ],
        "5,2,2,3": [
            2.1341610662690482,
            -1.5223338101961645,
            -0.6118272560728879
        ],
        "5,1,2,3": [
            2.1195958751935424,
            -1.501746643704737,
            -0.6178492314887999
        ],