{
    "v_table": {
        "5,0,2,0": 25.03570533031985,
        "5,1,2,0": 25.761546334765473,
        "5,0,3,0": 28.87536280767391,
        "5,1,2,1": 0.5,
        "5,0,3,1": 58.690919989152476,
        "5,1,3,1": 51.88728187191196,
        "3,0,3,0": 49.55299327340442,
        "2,0,3,1": 1.815,
        "1,1,3,0": 60.24531755104714,
        "1,0,3,0": 59.112138430807384,
        "0,0,3,0": 61.34467674781755,
        "1,1,3,1": 59.62263665911398,
        "1,0,3,1": 57.778986477906145,
        "0,1,3,0": 2.518033705594409,
        "0,0,3,1": 59.96730617325659,
        "0,0,3,2": 59.90162603887153,
        "0,0,3,3": 63.90340474504984,
        "0,0,2,2": -0.9929117224451138,
        "0,1,2,3": 63.797866785344326,
        "1,0,2,3": 62.86207147386486,
        "1,1,2,3": 58.304358922251794,
        "0,0,2,3": 64.25765777723203,
        "1,0,3,3": 64.74967828407301,
        "1,1,3,3": 45.15259935056093,
        "0,1,2,2": 14.503658192260847,
        "1,1,2,2": 60.73084621414028,
        "0,0,2,0": 1.734,
        "0,1,2,0": 3.4556824620398277,
        "0,1,2,1": 12.810083679587198,
        "0,0,2,1": 5.493497411361147,
        "4,0,3,3": 57.549559627879006,
        "5,0,3,3": 6.6799143869672015,
        "5,1,3,3": 0.40746771094570755,
        "3,0,2,3": 59.533128743033664,
        "4,0,2,3": 54.88813774861921,
        "2,0,2,2": 60.603159351862836,
        "2,0,2,3": 46.356679427020005,
        "0,1,3,3": 64.74371969883576,
        "0,1,3,1": 61.142537521314054,
        "0,1,3,2": -1.79655944220625,
        "2,0,3,3": 45.17428551064027,
        "3,0,3,3": 46.06458409721445,
        "5,2,2,3": 11.911362125268521,
        "5,1,2,3": 11.096902211767555,
        "5,0,2,3": 8.768012710555146,
        "0,2,2,0": 11.655315565312733,
        "4,1,2,3": 11.443499933738913,
        "5,1,3,0": 55.01969467346571,
        "5,0,2,2": 47.48578234303486,
        "1,0,2,0": 64.15662211212177,
        "1,1,2,1": 20.133409755417677,
        "1,1,3,2": 48.39814267675931,
        "1,0,2,1": 7.319295087992257,
        "2,0,3,0": 52.05938757951516,
        "3,0,3,1": 61.2085197425729,
        "1,0,3,2": 40.916382025313325,
        "1,0,2,2": 62.221338559091244,
        "4,0,3,0": 52.120043985234744,
        "4,0,2,0": 48.654917045755646,
        "3,0,2,2": 53.51268532752694
    },
    "theta_table": {
        "5,0,2,0": [
            2.632134878676865,
            -1.8432984656287255,
            -0.7888364130481451
        ],
        "5,1,2,0": [
            2.935650565890515,
            -2.3880913393778584,
            -0.5475592265126573
        ],
        "5,0,3,0": [
            2.935426525055327,
            -1.5631938958988767,
            -1.3722326291564397
        ],
        "5,1,2,1": [
            -0.08333333333333333,
            -0.08333333333333333,
            0.16666666666666669
        ],
        "5,0,3,1": [
            -0.9738577234850514,
            -2.224910760702321,
            3.198768484187373
        ],
        "5,1,3,1": [
            3.009737934650042,
            -2.1826357239843426,
            -0.8271022106657006
        ],
        "3,0,3,0": [
            2.927880170050411,
            -1.7065162671485523,
            -1.2213639029018537
        ],
        "2,0,3,1": [
            -0.2783496289341044,
            -0.2783496289341044,
            0.5566992578682088
        ],
        "1,1,3,0": [
            -1.551165771316277,
            2.9843120789721125,
            -1.433146307655838
        ],
        "1,0,3,0": [
            -1.3956351663565145,
            3.000080438427443,
            -1.6044452720709208
        ],
        "0,0,3,0": [
            -1.5838202863802073,
            3.007140379769514,
            -1.4233200933893084
        ],
        "1,1,3,1": [
            -1.5679539191725123,
            2.987023802520302,
            -1.419069883347784
        ],
        "1,0,3,1": [
            -1.4048293613715124,
            3.0729333730982606,
            -1.668104011726746
        ],
        "0,1,3,0": [
            -0.3748391367086684,
            0.7496782734173368,
            -0.3748391367086684
        ],
        "0,0,3,1": [
            -2.424421995776208,
            3.5312846020482365,
            -1.106862606272017
        ],
        "0,0,3,2": [
            -2.6116790830662837,
            3.587688163310125,
            -0.9760090802438595
        ],
        "0,0,3,3": [
            -2.5831009122201514,
            3.5781878242510055,
            -0.9950869120308877
        ],
        "0,0,2,2": [
            -1.1511282848375615,
            1.1590621245967705,
            -0.007933839759209027
        ],
        "0,1,2,3": [
            -2.0548839270684853,
            3.3204897310896047,
            -1.2656058040211202
        ],
        "1,0,2,3": [
            -2.5083466645126697,
            3.540226547762738,
            -1.0318798832500595
        ],
        "1,1,2,3": [
            -2.6364901100883475,
            3.7774533355928446,
            -1.1409632255045166
        ],
        "0,0,2,3": [
            -2.6183328789327294,
            3.709481273080346,
            -1.0911483941476154
        ],
        "1,0,3,3": [
            -2.3889019801199827,
            3.477787972162482,
            -1.0888859920424847
        ],
        "1,1,3,3": [
            2.763737416275396,
            -1.3080379500655595,
            -1.4556994662098388
        ],
        "0,1,2,2": [
            -1.3012398927977213,
            2.142706537066647,
            -0.8414666442689246
        ],
        "1,1,2,2": [
            -1.559468291256453,
            3.044114711921038,
            -1.4846464206645826
        ],
        "0,0,2,0": [
            -0.26089635973603054,
            0.9717648417320623,
            -0.7108684819960317
        ],
        "0,1,2,0": [
            -0.6908429268146434,
            1.466539083718067,
            -0.7756961569034238
        ],
        "0,1,2,1": [
            -0.8639893944714266,
            1.9307542072312018,
            -1.0667648127597755
        ],
        "0,0,2,1": [
            -1.0630382984618607,
            1.7860651373421146,
            -0.7230268388802539
        ],
        "4,0,3,3": [
            -0.9311826879885311,
            -3.321033455094057,
            4.252216143082598
        ],
        "5,0,3,3": [
            -0.3040953561526924,
            -1.9510458750460602,
            2.255141231198752
        ],
        "5,1,3,3": [
            0.8738936375163324,
            -0.8000189403153202,
            -0.0738746972010124
        ],
        "3,0,2,3": [
            -1.2763716740556577,
            -1.7824383028402575,
            3.05880997689591
        ],
        "4,0,2,3": [
            2.9024904094614663,
            -1.4512452047307332,
            -1.4512452047307332
        ],
        "2,0,2,2": [
            -2.367439148123826,
            3.1940188114252988,
            -0.8265796633014748
        ],
        "2,0,2,3": [
            -1.2954983924970946,
            -1.7336628121065538,
            3.02916120460365
        ],
        "0,1,3,3": [
            -2.0499566137999405,
            3.5915175175321705,
            -1.5415609037322533
        ],
        "0,1,3,1": [
            -1.6518242921718373,
            3.0322472203461843,
            -1.3804229281743507
        ],
        "0,1,3,2": [
            -0.23030075131288047,
            0.31961330781737773,
            -0.08931255650449732
        ],
        "2,0,3,3": [
            2.7970274844714247,
            -1.3985137422357126,
            -1.3985137422357126
        ],
        "3,0,3,3": [
            2.798644132497188,
            -1.3993220662485941,
            -1.3993220662485941
        ],
        "5,2,2,3": [
            2.1360692069268747,
            -1.5227679158504923,
            -0.6133012910763825
        ],
        "5,1,2,3": [
            2.1364288069475523,
            -1.5056904720046833,
            -0.6307383349428645
        ],