{
    "5,0,2,0": [
        44.89207113000229,
        30.393780884284787,
        55.40191374021125
    ],
    "2,1,3,0": [
        51.01957953558643,
        42.43143624370275,
        44.08868211633132
    ],
    "1,1,3,0": [
        43.420556421811355,
        63.884506383901964,
        43.98135653096014
    ],
    "1,0,2,1": [
        44.39807325280385,
        63.9276087140267,
        44.074018260731556
    ],
    "0,0,3,0": [
        44.34593741427285,
        64.2302240432613,
        44.14070333171529
    ],
    "0,0,2,0": [
        44.04763123010238,
        61.407057174801835,
        45.117017836971435
    ],
    "0,1,3,0": [
        40.13627960285841,
        64.26494147641623,
        44.343385579805805
    ],
    "0,1,3,1": [
        43.31740634659213,
        63.13342945296325,
        44.011716222272455
    ],
    "3,1,3,1": [
        56.96322327556072,
        24.72514667433275,
        64.09225267119461
    ],
    "5,1,3,1": [
        52.61044563530365,
        38.875238125406376,
        58.229260628578224
    ],
    "3,0,2,0": [
        56.04818341923681,
        39.49557927476766,
        59.02781235406885
    ],
    "2,0,2,0": [
        55.94980716260134,
        38.66928460632687,
        60.199732292476014
    ],
    "1,0,3,0": [
        32.691923770082134,
        64.09437338154235,
        44.57874580623558
    ],
    "3,1,3,0": [
        56.22686276306858,
        38.94334928400805,
        58.563272949520936
    ],
    "3,0,3,1": [
        56.246916937024224,
        39.51443302719011,
        64.28519232372798
    ],
    "0,0,2,1": [
        44.02999720176784,
        64.30271698229227,
        44.119057636225826
    ],
    "0,1,2,0": [
        37.440051484624526,
        61.63470392567794,
        44.652331549359175
    ],
    "0,0,3,1": [
        43.52878375781256,
        63.99822613975752,
        44.33782274168028
    ],
    "0,0,2,2": [
        44.106948998148724,
        63.963564120555624,
        44.10221726165499
    ],
    "0,1,2,2": [
        42.00727119455487,
        10.07769870130004,
        41.56634138805338
    ],
    "1,1,3,2": [
        44.71740587978058,
        65.52674600946406,
        42.184431433582745
    ],
    "1,1,2,2": [
        44.321256704275825,
        10.000000003252483,
        35.71386062083052
    ],
    "2,1,3,2": [
        52.968174136401046,
        31.6930134321953,
        65.20242586402902
    ],
    "1,0,2,2": [
        44.479865746344856,
        64.10708284951555,
        43.8613524926046
    ],
    "2,0,3,2": [
        56.79860744188487,
        57.31253454469386,
        41.59559848000981
    ],
    "1,0,3,2": [
        45.89035933146087,
        64.90176196765975,
        44.46074280742404
    ],
    "0,0,3,2": [
        45.868749929378595,
        65.88982540511623,
        44.334747124940534
    ],
    "0,1,3,2": [
        45.8017166986662,
        65.88954233258141,
        41.210566500609524
    ],
    "0,1,2,1": [
        44.26367393703395,
        63.67483274927014,
        45.656706177947804
    ],
    "2,0,2,2": [
        42.24576871034094,
        39.69523081651056,
        44.15243777807253
    ],
    "2,1,3,3": [
        45.78706897387118,
        46.777560591271765,
        60.94421476784171
    ],
    "2,0,3,3": [
        38.31482373872706,
        38.61990072233293,
        57.85126411463829
    ],
    "0,0,3,3": [
        41.69521331465747,
        60.55474933186139,
        43.87358084184157
    ],
    "2,0,2,3": [
        54.71832390414948,
        36.04291567680187,
        43.53174612772295
    ],
    "3,1,3,2": [
        56.34401289290911,
        40.07546046673159,
        62.667916686798776
    ],
    "1,0,3,1": [
        43.69454364315341,
        64.34318573584729,
        44.35976992892381
    ],
    "1,1,3,1": [
        44.084360509202504,
        64.37718658070419,
        42.30780851534556
    ],
    "5,1,3,3": [
        41.20657386521666,
        31.582759687764433,
        58.896147894642496
    ],
    "0,1,3,3": [
        41.390864890706105,
        59.51538861688092,
        39.47618553095984
    ],
    "3,1,2,0": [
        48.23569929481439,
        31.234750767126506,
        53.72529517045151
    ],
    "4,1,3,3": [
        51.91487731522927,
        38.56332256997156,
        53.11604576012175
    ],
    "5,0,2,1": [
        44.28360249009094,
        23.953079596288774,
        53.78099728165808
    ],
    "4,1,3,2": [
        56.28529273370472,
        39.77474757391386,
        60.39904597651083
    ],
    "5,1,3,2": [
        40.20789080261914,
        40.809793612613525,
        64.36943711953028
    ],
    "1,1,3,3": [
        32.26410665203389,
        60.026446768807766,
        39.80689447196325
    ],
    "2,1,3,1": [
        29.033276639684765,
        34.28745753755516,
        44.78642178756098
    ],
    "4,2,2,2": [
        51.660431446973,
        0.0,
        58.470025129261856
    ],
    "2,1,2,2": [
        0.0,
        0.0,
        48.238386921740016
    ],
    "0,0,2,3": [
        45.85485274141692,
        65.86194075631721,
        42.65811562740505
    ],
    "0,1,2,3": [
        41.26889258091672,
        46.06352586117458,
        33.59632213276326
    ],
    "1,1,2,3": [
        41.736355471776776,
        55.025398156002765,
        32.54892266126421
    ],
    "3,0,2,2": [
        56.244869824960986,
        40.890386504362816,
        58.47191450217211
    ],
    "2,1,2,1": [
        44.30286072327457,
        59.98475185807108,
        39.88628317538511
    ],
    "4,1,3,0": [
        52.123866965626895,
        39.940781380535576,
        57.20528534726121
    ],
    "4,1,3,1": [
        56.32797075596802,
        38.74626343713958,
        63.938850017871566
    ],
    "3,1,3,3": [
        48.64341968482543,
        32.833240480984095,
        57.09717766928387
    ],
    "2,0,3,0": [
        44.58415125572854,
        63.671793117573436,
        44.38533294449776
    ],
    "1,0,3,3": [
        40.24622368716174,
        61.93456494987911,
        43.56345579261244
    ],
    "5,0,3,3": [
        53.74321693083661,
        35.422444012650985,
        63.995657589447234
    ],
    "5,0,3,0": [
        53.568948381802386,
        32.43791201056012,
        52.22814838660904
    ],
    "4,0,3,0": [
        54.522104629127725,
        32.01031933380438,
        52.36498985842578
    ],
    "5,1,2,2": [
        53.00466504014191,
        0.0,
        0.0
    ],
    "5,0,2,2": [
        57.084372922760416,
        34.56073556531365,
        58.9926637698458
    ],
    "3,0,3,2": [
        53.716939738470884,
        36.09074816136683,
        64.36631876026892
    ],
    "5,1,2,3": [
        0.0,
        0.0,
        55.31897983901779
    ],
    "1,1,2,1": [
        29.0172764002583,
        64.2551560773242,
        33.17085004523463
    ],
    "1,1,2,0": [
        44.04842892558254,
        55.886939112046136,
        34.794166997383044
    ],
    "0,2,2,0": [
        44.382012754835884,
        63.944775302163315,
        44.119517904481725
    ],
    "0,2,2,1": [
        44.105754578951604,
        63.51068040747728,
        39.42678110406068
    ],
    "0,3,2,0": [
        43.328550885018615,
        0.0,
        0.0
    ],
    "1,2,3,3": [
        30.617428625970497,
        52.78633847614924,
        36.69643932069514
    ],
    "0,2,3,0": [
        37.88102782522409,
        51.56414574074182,
        44.09500616188588
    ],
    "5,1,3,0": [
        52.15451645326433,
        35.22565793121274,
        58.770247042262454
    ],
    "4,0,3,1": [
        56.254577941906206,
        39.215802667611605,
        64.05191780544199
    ],
    "3,0,3,3": [
        53.64734501418423,
        37.03254350412003,
        61.68778375784931
    ],
    "1,0,2,0": [
        43.75890978726846,
        64.31321722236612,
        44.39200080711187
    ],
    "2,0,3,1": [
        30.42422936187679,
        64.43296361907055,
        43.80757037363431
    ],